"['[2024-03-15 08:01:12]', 'INFO', 'code=200', 'Application started successfully']"
"['[2024-03-15 08:03:45]', 'INFO', 'code=200', 'User login successful for user_id=1042']"
"['[2024-03-15 08:07:23]', 'WARNING', 'code=301', 'Redirect loop detected on /home endpoint']"
"['[2024-03-15 08:12:09]', 'ERROR', 'code=500', 'Internal server error in payment module']"
"['[2024-03-15 08:15:33]', 'INFO', 'code=200', 'Database connection established']"
"['[2024-03-15 08:18:47]', 'ERROR', 'code=503', 'Connection to database timed out after 30s']"
"['[2024-03-15 08:21:05]', 'WARNING', 'code=404', 'Resource not found at /api/v1/users/9981']"
"['[2024-03-15 08:25:14]', 'ERROR', 'code=500', 'Null pointer exception in order processing']"
"['[2024-03-15 08:29:58]', 'INFO', 'code=200', 'Cache cleared successfully']"
"['[2024-03-15 08:33:21]', 'WARNING', 'code=429', 'Rate limit exceeded for IP 192.168.1.105']"
"['[2024-03-15 08:37:44]', 'ERROR', 'code=401', 'Unauthorized access attempt on /admin panel']"
"['[2024-03-15 08:41:16]', 'INFO', 'code=200', 'Scheduled job completed: send_daily_emails']"
"['[2024-03-15 08:45:02]', 'ERROR', 'code=503', 'Third-party API unavailable: stripe.com']"
"['[2024-03-15 08:49:37]', 'WARNING', 'code=301', 'Deprecated endpoint /api/v0/orders still in use']"
"['[2024-03-15 08:53:11]', 'INFO', 'code=200', 'File upload completed for user_id=2987']"
""
"['[2024-03-15 09:01:29]', 'ERROR', 'code=500', 'Disk space below 10% threshold on /var/log']"
"['[2024-03-15 09:05:44]', 'INFO', 'code=200', 'New user registered: user_id=3105']"
""
"['[2024-03-15 09:09:18]', 'WARNING', 'code=404', 'Missing config file at /etc/app/config.yaml']"
"['[2024-03-15 09:13:55]', 'ERROR', 'code=503', 'Connection to cache server Redis failed']"
"['[2024-03-15 09:17:30]', 'INFO', 'code=200', 'API rate limit reset for IP 10.0.0.45']"
"['[2024-03-15 09:21:08]', 'ERROR', 'code=401', 'Invalid token received from user_id=8873']"
"['[2024-03-15 09:25:47]', 'WARNING', 'code=429', 'High memory usage detected: 87% utilized']"
"['[2024-03-15 09:29:03]', 'INFO', 'code=200', 'Backup completed successfully to /backup/march']"
"['[2024-03-15 09:33:19]', 'ERROR', 'code=500', 'Unhandled exception in user profile update']"
